job_title,URL,ID,Company_Name,Location,Salary
Software Engineer - Modelling and Simulation,https://uk.indeed.com/pagead/clk?mo=r&ad=-6NYlbfkN0CwZXc5kaVZcDIejlzrQt6xuDzFCT1LgXJr1Wz7yprErqiSSQFSRu7dAdnpOTZy8C743slMRVqUNTiH3bEIibb_TTAK58i_tk6jFdY15WA3fhfTQ1-slMHGAhNQuJ5IEZuGv-i6doRTns4VEgr5XZGXALbYhK-H1xrABtrRcTyFRF3MuebIQV0j4xVekzOTajMQkMi71FPIiDwz-2prsKXPh7pC3NLrOt5744b3GFzAjn_9zBrbzFmyN7PDuT_Ouv4k-G1b5tNuyQBHW9IS_Em6YhmcWMlUlejl3tN-lN_6OquahDIfi-n46R93XwA0CGWCh69rfeUfbF_jRHHS8CKFSJDNW8IYeI8hShB8xf1q3lMNAh_5t3W3vCdkv97PcX5E3fLnwF-YNz-Z1YToJkjQ5hb8i6fIfSqu8QMeglOWoEUHS80FvB0HnZ1sw09MaVP1u9wgG90f7CTaCzou-XK-chFlDMvIxLPi1tdsR4YCKxRq1O7TRkEKRk2ZSf8ui49sJwlntVjx9VNy2v74bh9qPhDlZvhCsJTjNEc0-fHrxH9idEsxvkIcaBygN4PxL1C963Ex0PEaPkbURhPl6WDVFcb-Q19ag3aRk6yxWajVUrVGB-2MuzCpvL6ajt8DyZB5pHRuSP6oe6-Y6RB78fjGvrxp7uVFHzeQh2OQ3lQgGubiVGNasKTFwMdc-n61ERGhT7uPWdJBg4K034EJSDTj0Tgx29vXKdwLdnL038-cSF0ZIgfQYrEolkjFsywy5YLDw88W37WRyMvVvaCQVIbksRTcb0lJwcN1gxsVeZKGX5muIONXJK8L8XeWsIHzN3ziCGjLb5SkOfDvrN3BXncFlGwCfI0CLpzeaU4mUvbfu_pZsN4aVUBX51avQUxoKHuGEXGQAXY-yxy7ag9Z09y-J-OQ97xJFCSEMck3ICjbuqNQhcn6dBpFWSIRDMZXsyPgbfa2H7L3JIbUJ8_Tf1V4-CNtgPWf1C9p40-BouJ6Y72mtqqJeiJQgXS3kXqZdXSDahXpvAyhnmpzYQ12-cPWTKoQkfC05jLs8e2POvuKj_UB3XL9kJeX8Ilg_zrvbq27eD-3SveEzaGjafW1NwYnv2kYQ2KqPYth0XUgyB6E0pojEVa3hRsScgIzuNiQ35TET7kcOPYmLauO5Zpq-CDPPhb0UMZhcPAflFU7I3KydGaFt3VwBcRci3d_DMgqPJnKkWf7B680I1kofQw4i0_JWk5Vq3-vLe2Vk1pRPX2mPlqryTgcBK3y_qztUd93HG-Zd-019hFKt-ra3yWz1yy-0z-0BhFxUUqvBe-PE78y35Mwuq8I9k5ER-yRhU7EtEA=&xkcb=SoC16_M3CkGKLrxuTh0LbzkdCdPP&camk=4HOcmqOLYrCUu9LGHIKZRQ==&p=0&fvj=0&vjs=3,sj_6f2091c334c10398,Northrop Grumman,Hybrid work in London,None
Junior Software Engineer,https://uk.indeed.com/rc/clk?jk=3866be94f7b2ad3b&bb=eBjuZNV2XG708_N09_VJE0VmJiF1bf-g7SZ6-DeV_S4QTEMb67QpcuTMgGWsvqIRuUs7kp9wxLoSHMH3yuRpL5FT1BGydto0XaTRaPXQjgpTl-XaIdqIiQ%3D%3D&xkcb=SoD167M3CkGKLrxuTh0KbzkdCdPP&fccid=c5bf779aaae5e616&cmp=EECL&ti=Junior+Software+Engineer&vjs=3,job_3866be94f7b2ad3b,EECL,Kingston Upon Thames KT1,None
,https://uk.indeed.com/pagead/clk?mo=r&ad=-6NYlbfkN0DOabVu24nDj7VbRqwvjnongVoRcSlUE3mkw8BKRmiT-W0XTalW-K-p-xKgnzJ-IA_F5me5E06gAJ5p48L9o_xHr7ol0nkTEbtNW0nWFwqCz18i9e9kFhRTkGXy_maiCYlksHC5XH8I8lY0hZV2qYMd2ly4vGeneof6dEQTgveMQ_C3QpC4GhqynVwfmc4hHdPF7qDRi852c8ZGSyGLTe8IsNUD7h1n5VovXDScSiZEpQgMwdTqlD8YVW_OwcDPzcjZ-A5ZUXTXRUyBGFwhm-OItrTl7k05uP9sYAGX7qESRdetjcXhTS5H8Oy4bLIe3gZvMttLRk_HGRuMxC0tfKFlP-8A13EOp6ioG6O58KFmRQHKE944a4RsqtpQGR5lA-P3Lkl_x_PYpnWhD_Urt98KMLcIqPIGnz8puVB66RSePF8PL0f11tIUSFD0aNz06a3x8V2KLoinSufzFs0N-o7Rx0heEohbQDiX5vgJcXQ7BZPU_GIZzgZUE5kycCXzphQXz8626ixM90lVMz_joqP05pTF181o3eTijfpKcMUjNdIKdCbdJVOGSihUegshf5FNGloZxNl-ZBdlO6yFD-Y50Y6krAs7pTS1ve-NzV0goMLMl538w_VXlERT14niqaI3U_J8CfSN1SUnLvTjYFStDM5IfhPhEepVGMNb6302dHN6GbDJ2PFc2w0sxoQ1NTcZfNINAKEKQXqShGRi_r2lyofwG7W_JRsTmeLzyalGHUX9o9nBAr9jEnVnVMz-YyqMi_n23KD7BbugGQ9qZkmdRNWFg8gpA62epQ81GWSX23BRGdalLiaricsgStfDKkwrM7VBwWgMGUNDodBYcSyExzBt4QfsovyQNLJD0E4Eiwl4E_UPCkVWX75WzvSpDWaPhVDpM4vWasO_YCPRX_x6y97rAPgoEMn9lA57sAhhDYUvRr-Fg9bytzW5NqqHhYqDcm3DfZtvU_Ob2G-eKC1GSoM8jQe0Ch1NuKeFn8pIlGmK6-eyv3Dv6xtte-l_qRPOw2NyU6RsWv-7Vvc34YZgvZyPV2svYMMUa7ylHMfb4AqxD2xO0yQE0Q7UBkzb5TkNxSEo2NgxHFa5Auv9fAE8ZCCOvGwu6OoJFhpzzVSrLz4TsmWtLFQjs_HT_ys8xVKm9poywahkuXEIGCT81lQDRqykdC9a8QlkKgB63W63GbeGwcpi0NQe2MAtNgo8mMbZeQkQ4uBMbbqyugreLst-76wIQCIjjqtDni2AxmMyaTGyh8FIa7CgRlw_e-5JzzO87PHmv2UWBs93dSR46mWPIeXRLwlTDMPQYk9lHaMtMg==&xkcb=SoCc6_M3CkGKLrxuTh0JbzkdCdPP&camk=4HOcmqOLYrAIJ-VV-wdvdA==&p=2&fvj=0&vjs=3,sj_adafd10f345b1df2,,,None
,https://uk.indeed.com/rc/clk?jk=5f316233ebc1ad52&bb=eBjuZNV2XG708_N09_VJEzyFW_NRn0Ey8aIgmGlyp22l1RBYQ9iTZTpJSDE_o7zuv2xtuQ-8eGGcT0yrRt9FWytC92jHYKoZw5ZKKjuTvITXUSJQ7KMxpQ%3D%3D&xkcb=SoDc67M3CkGKLrxuTh0IbzkdCdPP&fccid=a117bec4a0d6ce42&vjs=3,job_5f316233ebc1ad52,,,None
,https://uk.indeed.com/rc/clk?jk=428dcdbfaf48343a&bb=eBjuZNV2XG708_N09_VJE_FSHG7gYW-aMBBESVRWwe9tp_pX7MHHB48-V-w9W0nSCst388DxBQpCLRtoAHiQOCRQO-bCxnuu-Sj_enpH6eqOdxFWn8R66g%3D%3D&xkcb=SoBS67M3CkGKLrxuTh0PbzkdCdPP&fccid=0103fd28b454bd4a&vjs=3,job_428dcdbfaf48343a,,,None
,https://uk.indeed.com/rc/clk?jk=ace5ab3285fc7d46&bb=eBjuZNV2XG708_N09_VJE4P8YtbFbqf1zE7AEaoIHlbya-QPzjZJg3-cv3Foktzl3dlkg6Tia7R9UCqSp9EqOYk1O-iWhddwvTUyaHS_UM5gOqZQzMef3g%3D%3D&xkcb=SoDm67M3CkGKLrxuTh0ObzkdCdPP&fccid=91aacc3258ea5d73&vjs=3,job_ace5ab3285fc7d46,,,None
,https://uk.indeed.com/rc/clk?jk=9730da4349f9c7a0&bb=eBjuZNV2XG708_N09_VJEySXqbzkyeMMFr_7bDpVT4dhRgrwqkWuTSYpZnlI4rC1tLOvmvT5ptDhPpFbfQfmnTdc7blFVZWqU-ykNMcxGasMk1ETpZigow%3D%3D&xkcb=SoB767M3CkGKLrxuTh0NbzkdCdPP&fccid=1ee8815e5673e0cf&vjs=3,job_9730da4349f9c7a0,,,None
,https://uk.indeed.com/rc/clk?jk=82cdd8fb1c2abf1d&bb=eBjuZNV2XG708_N09_VJE4p3SZ8qtmxnqh05BQLOUZBnTxjaQxYnktI5hwU4n33gQpGEdj0SYsu1QDbQnCvfgUU4vddKmvwzCnBbmzQCJljv8m20dTFzvA%3D%3D&xkcb=SoDP67M3CkGKLrxuTh0MbzkdCdPP&fccid=2aa78e445f07196c&vjs=3,job_82cdd8fb1c2abf1d,,,None
,https://uk.indeed.com/rc/clk?jk=af7c19105e7e0f72&bb=eBjuZNV2XG708_N09_VJE9kRuv9Y9XSWVpJtvPe2o286zBVnGYyrTXt6bt0cAl-iu5cVl4PYAgUlxjp4pOP5ORNlI7DJV3uuaonffEzNg4oW5Mhkn748EQ%3D%3D&xkcb=SoAm67M3CkGKLrxuTh0DbzkdCdPP&fccid=cfdf06e22babe658&vjs=3,job_af7c19105e7e0f72,,,None
,https://uk.indeed.com/rc/clk?jk=9672f169bcb5a006&bb=eBjuZNV2XG708_N09_VJE2bMhtAVv7arAVIKa-c9vzIrSnaiDMXNnNdXOLZ6_wEvVD9wCQY9AtDCwHoeUo249Jj8O9QLGYj_59xazJ12G13JvJbaRBI8Sw%3D%3D&xkcb=SoCS67M3CkGKLrxuTh0CbzkdCdPP&fccid=9353252f275fbb30&vjs=3,job_9672f169bcb5a006,,,
,https://uk.indeed.com/rc/clk?jk=5b41fb9487df7109&bb=eBjuZNV2XG708_N09_VJE8Q9CrSSFQT5jgHfHbLsoKCOsmWsWDupXyBPICJn9Jw4peydD9vkcT8R2Pj1H52yFFIIBIoxHw0RDC5rDtKWLPFM7JsnczEzlw%3D%3D&xkcb=SoAP67M3CkGKLrxuTh0BbzkdCdPP&fccid=0d4c60e67caf8c1e&cmp=Tag-UK&ti=IT+Support&vjs=3,job_5b41fb9487df7109,,,None
,https://uk.indeed.com/rc/clk?jk=585e55f1b779d5aa&bb=eBjuZNV2XG708_N09_VJE4P8YtbFbqf1zwArou9zuGLOlfK0qfj_N_VgG0C0fjHwHOUNpQq7XFhWizXzqZmxo7iqLSYD8l34SVdBSGSEGHminq_h1Z1kng%3D%3D&xkcb=SoC767M3CkGKLrxuTh0AbzkdCdPP&fccid=1c7957e6fa7010cc&vjs=3,job_585e55f1b779d5aa,,,None
,https://uk.indeed.com/rc/clk?jk=f0641ecb21b7dc72&bb=eBjuZNV2XG708_N09_VJEzlvOXd1Co-4n1cY32jxLWsaH2qHnY3FgT6j-uEKj3I4pCBUQGIUxtc6C9I5ohgPJfoI2TpWDVcc8OCtRTe4MgXNAkA32iRVmQ%3D%3D&xkcb=SoA167M3CkGKLrxuTh0HbzkdCdPP&fccid=d72eb0548d91249c&vjs=3,job_f0641ecb21b7dc72,,,None
,https://uk.indeed.com/rc/clk?jk=078fa4aad2e8f818&bb=eBjuZNV2XG708_N09_VJE5BlcYdmal9baNQbibCpfmeYuAPuijQm7gPflqZDInVTXGT9gtT0BQUqaRTmW6bgaUjULE0OEQobb3gws0tB_aG2WDRzcXiS5g%3D%3D&xkcb=SoCB67M3CkGKLrxuTh0GbzkdCdPP&fccid=64a3c6a6b2826ab4&vjs=3,job_078fa4aad2e8f818,,,None
,https://uk.indeed.com/rc/clk?jk=998d5bc7f13d56af&bb=eBjuZNV2XG708_N09_VJEykURu6UjkzzMdRwb0h-J8Mo6R3zneqqKEySyMNbAJT2WyoAVwV29N8RwxdfAzXvrBkt3bt9JjphJGwQ58TZAqs%3D&xkcb=SoAc67M3CkGKLrxuTh0FbzkdCdPP&fccid=fe2d21eef233e94a&vjs=3,job_998d5bc7f13d56af,,,None
Junior Software Engineer,https://uk.indeed.com/rc/clk?jk=21e83be04ea95334&bb=E8weDl1dgdP617h_A8DyTO9qbW1PVq01Ggb2Td_ER5d5fnU4pZKxf5Z89Rik1HxOV4bY4nb6fFrxlyrttJ0Ua0n6XZ28VqgPmHA0jkVEx-MH7lRdr3ExDg%3D%3D&xkcb=SoDO67M3CkGIh1RuXx0IbzkdCdPP&fccid=9353252f275fbb30&vjs=3,job_21e83be04ea95334,Understanding Recruitment,London,"£35,000 - £75,000 a year"
Junior .NET Developer – Online Film Rental Company – London,https://uk.indeed.com/pagead/clk?mo=r&ad=-6NYlbfkN0Aj4-Lc4C6Hb0ykU3jOktLDIAAw4anZygn__rtZFvHgNVQnmdp-P6yiJcbCmybr3fbM1_zajL5RHfxekpptFKObd6QICma_0iakaz-Cr4rwy6ROxhY9Zz_8vxHKgw34IJWF2UABob_ul4VwPSaIWQAHjbBRkc_avjtlVYAIdmNXIOxLluGDxPiahMWtLGHLEzwjuQzO2k_mCs8ZUG0NZAxGblrUE4b-nd_cRsxxblwxBuk7QDkwbzJgbixolw3fNdgmW8tbnj_vRW6c54LaM334cje2YPQXHsGA30G53Bn-7gWv64VgqSNo6tOYsRhVey9Cv7rbqPM7pD2j2b95jfW-x3DN5Intyd_KYPkg7tcQwXg1AWUjwo_sf7rfRARFFXIi06M8SsS6RWlMz1xgo7QwPnd0hGGimnkKV_4HNuChQuNMGbYSvqNBCbNXB6uaCBG0GDUOvQ60PmULXbuy9m4tUk_a2xFo9YieOJ9PSiEjF-D3T15ExLp0IOdCAOT5hOVgisUeXG77v8EdyuqhWwAL268oboRcmKrQdw_hL_aLYqA0crq-tkQ9HOi9FTCiINvPSS0eRHgVCf4K3t14MVI7YooyxXcH_vLhOk51xyoRP3GrgxJm9mYNjKjiBUZCYUVJ-djDG092Hpt1GKC_PBv5oAJr1PiiRiK7Tj8qrb3-jFC7TkDha2tK&xkcb=SoC06_M3CkGIh1RuXx0PbzkdCdPP&camk=4HOcmqOLYrA46KdymuJ5fQ==&p=1&fvj=0&vjs=3,sj_6a7cef31965d1ae2,Noir Consulting,London,"£25,000 - £35,000 a year"
Staff Software Engineer - Rust,https://uk.indeed.com/rc/clk?jk=d66375b760e66550&bb=E8weDl1dgdP617h_A8DyTFJPj6gnLkCmi6CS4eQ5G5d26BM637SCpyufMDMLV1NCxws4i_uUfFVCc-AYMYUj3naotEwbD36NVlCFnH3aPPrH-2AdILw4lQ%3D%3D&xkcb=SoD067M3CkGIh1RuXx0ObzkdCdPP&fccid=28eefc5b86560831&vjs=3,job_d66375b760e66550,Moody's,London E1,None
Software Engineer - Scala,https://uk.indeed.com/rc/clk?jk=8a5773fa8e48b353&bb=E8weDl1dgdP617h_A8DyTP0YZ3k01pCvNWsA2CM9yFFl15knm6wopSyKxZI0anB6HXiVv7n10UZHMeTKYq02JJCzLfZmrKtRZZxH2Up-UkoxlxAGhKRFxA%3D%3D&xkcb=SoBp67M3CkGIh1RuXx0NbzkdCdPP&fccid=74e36d81c894b4b7&vjs=3,job_8a5773fa8e48b353,FIS Global,London EC4N,None
Junior Backend/AI Engineer,https://uk.indeed.com/rc/clk?jk=27cf3990f8257c66&bb=E8weDl1dgdP617h_A8DyTNvy54320wqv7PXgUnpOiTeW3DAsWyavSAow4w1U1eU2s580TSwpZOrHU2XeTDP_jIacM2U18bi2xeqBQv7fvhqPZntKBqQU0g%3D%3D&xkcb=SoDd67M3CkGIh1RuXx0MbzkdCdPP&fccid=82c90ad44b48f6dd&vjs=3,job_27cf3990f8257c66,Verisian,Remote in London,None
Junior Software Engineer,https://uk.indeed.com/rc/clk?jk=1c547deff2e49107&bb=E8weDl1dgdP617h_A8DyTPxXoYIbMmf3Mvoeo5bIISWczSVxFZbUgwftMYZ2UjMr_bg7QSHQIEzGMN7lo3peICErDBHp81ndxzLULG0Wn5afCPQAh5euMQ%3D%3D&xkcb=SoA067M3CkGIh1RuXx0DbzkdCdPP&fccid=cb317d69fd2ef57e&vjs=3,job_1c547deff2e49107,re&m,London,None
Senior Software Engineer (United Kingdom) | 2024-091,https://uk.indeed.com/rc/clk?jk=6f42f5e814c5332a&bb=E8weDl1dgdP617h_A8DyTM__UEfnX2Y89doatcU8KExB2WswvColjxDlqjZUG3AjdljzGFvpDdqP-2giYwox4pYSfsA25lWGGqU6XbCSqHnyGtrOHiS0Gg%3D%3D&xkcb=SoCA67M3CkGIh1RuXx0CbzkdCdPP&fccid=8860893e6b417bc1&vjs=3,job_6f42f5e814c5332a,StarRez,Remote in London,None
Jr. Back-end Engineer,https://uk.indeed.com/rc/clk?jk=725d39545f0a1652&bb=E8weDl1dgdP617h_A8DyTBWSCe7yAdrsD-y1qXKO5o5x8G2UPH0py6XFhhqpDviS3BoZqdOse6vlUJ3o3plek5Ft7rGT7b0b-4cELoUiZJjJy-dOdS81iQ%3D%3D&xkcb=SoAd67M3CkGIh1RuXx0BbzkdCdPP&fccid=12332f0a8c9a3973&vjs=3,job_725d39545f0a1652,Galytix,London,None
"Software Engineer, Flex",https://uk.indeed.com/rc/clk?jk=d0af08d64e389fab&bb=E8weDl1dgdP617h_A8DyTKKiSIeOERFxWI0lgp3Xp0pjnxQG1ExmeM-6u7KS7ELvNEgJ8zFXAbWlbRp7coDeLSBck1c20p1SqyCiHYQbD6YdfvZdBap45g%3D%3D&xkcb=SoCp67M3CkGIh1RuXx0AbzkdCdPP&fccid=2cd10564780b27e2&vjs=3,job_d0af08d64e389fab,Twilio,Remote in London,None
Software Engineer,https://uk.indeed.com/rc/clk?jk=723b88adae126c29&bb=E8weDl1dgdP617h_A8DyTBKQohFN3MdC02hgbs0RwMa-MpUHQ9MW0Nu7PTskHWCCnSVaBFDGbzMeNcU7UtujXv8ee9t1sSqIWsHGfOxirtl_lN5eTs3eRw%3D%3D&xkcb=SoAn67M3CkGIh1RuXx0HbzkdCdPP&fccid=3249bbc356613b22&cmp=Mexa-Solutions&ti=Software+Engineer&vjs=3,job_723b88adae126c29,Mexa Solutions,Hybrid work in London,"£60,000 - £70,000 a year"
Python Engineer / Founding Engineer - GenAI Start-Up,https://uk.indeed.com/rc/clk?jk=09633c35bd6fa6b7&bb=E8weDl1dgdP617h_A8DyTCZwn__2FeUL0-aZmCb36HJJpk2fwiyGbUCk7dNyFSRPoO6xATYuNjQrmrdIiVExawkjJCH2EV1uTKNJ3fIYr-OLzAYWNXlP7g%3D%3D&xkcb=SoCT67M3CkGIh1RuXx0GbzkdCdPP&fccid=73a69612171c6752&vjs=3,job_09633c35bd6fa6b7,Xcede,Hybrid work in London,"£50,000 - £65,000 a year"
Software Engineer,https://uk.indeed.com/rc/clk?jk=07fe493b6e3647e3&bb=E8weDl1dgdP617h_A8DyTOgLJy4f1BToqRVFSn9Z97j2mBIEBRXkLlxbaOdQQf6mbtLN6Nbi6dkoyquHytT7VDrmucUf3mLHcta_Yml1YHISpJAwlWj-cg%3D%3D&xkcb=SoAO67M3CkGIh1RuXx0FbzkdCdPP&fccid=21e870806e3356b0&vjs=3,job_07fe493b6e3647e3,Lloyds List Intelligence,Hybrid work in London,None
QA Automation Engineer,https://uk.indeed.com/rc/clk?jk=b4c3eb083633462a&bb=E8weDl1dgdP617h_A8DyTLSRof4wRTaSYcIUuf960UybIAQGiiiuo9vgtBUrZ2K6OWN51qGX9d1xo_FaX8jSBuZNOAbTiHmRdaNCWA5gBVbTO4JMtKBB2w%3D%3D&xkcb=SoC667M3CkGIh1RuXx0EbzkdCdPP&fccid=61a3a8896b0f78c1&cmp=LloydsPharmacy&ti=Automation+Engineer&vjs=3,job_b4c3eb083633462a,LloydsPharmacy Online Doctor,Hybrid work in London,"£45,000 - £50,000 a year"
Lead Software Engineer,https://uk.indeed.com/pagead/clk?mo=r&ad=-6NYlbfkN0AYBzjOuyPwVsCUW5NJwd4KY6YrRJCjcDKJus5dEoGbuWqzTlijoyjbCFm0AdhrW2WNENq1bmPsAvVPu5OgZO9StMCwA-EEQegRzAoT9m_ttM6UZH36eKQBjmM2MHqrdH4GwugXis3bmm8AKv46jVM1tU-t3duL9oy2P_uXyLlgF7nc30o2FkLu-qDUiRghuepCdZBYr7FFFN_9WFH_DXgy_b6WNaOCln6URS5P72A73slrLNy6RgIcZ_xFSpMJn0yPOnq9GGMDrTmT6otikppmhj9D4hVA6rJFcEUvx6_CAedGfkC1CWVIE3ixGtwhGTctpq6Fa9Fyi2LNBmeSL8lFkGP_yHwOVavXQIVyS_frdAzOS7ci_AAUK60kZfFeVslz90_NIX2G62NaqvKdsnLVIuuapgG4mKv2lT2rIgOL7ls3uUYdUMHIhNnXmrK2bF54sznsAwak4ovj0ReQhvOD9L80OHmMA7vigggsD6g8hkFhSy7DvjQDjl1gJIbpf0VQMHUHDONtB0yY35pXZ5fu1nkLaxiQF7t66XySYLIXN4UIWkxi6HISjM2t0WXyfaDg9VDz5inGhW3LBdpakwccLMETCfmlqqonp04lSFhAJx5yAuaOT9zaxT1FOfUai5ygwCcoEO-0uNPwvkldsmUOErVogcczgN9-BDRXoqOntQ==&xkcb=SoBp6_M3CkGIh1RuXx0bbzkdCdPP&camk=H-lBaXMUocIqV6H9-xto4g==&p=13&fvj=0&vjs=3,sj_d3be206703432ce8,Ground Control,Hybrid work in London,None
Jr Unity Engineer (AR/VR),https://uk.indeed.com/rc/clk?jk=f39273da734d093d&bb=E8weDl1dgdP617h_A8DyTCh4CiqYYSFAN_gLgDwNg432LltqvPtXpW_N3aFSyl5Ug-Vvk4Zus_54ZuixsxiwEp2mwKNfgnA98ZIcMoLyrtIsUHycP2LUpg%3D%3D&xkcb=SoAp67M3CkGIh1RuXx0abzkdCdPP&fccid=4e675bf71a101675&vjs=3,job_f39273da734d093d,XYZ Reality,London,None
Mid Backend Software Engineer - Python,https://uk.indeed.com/rc/clk?jk=2ac574d70f9f3675&bb=L_ac1rDGXz0TQji7e9StupweiYnXIWdF6Xen_bEwMf-rPv-_3vrgTi9c-ba099gpGhvxf_uIWlXNtEMV03UPUmSyo-RJ8mSKbfspLYaGrUadpvCgdUFu3Q%3D%3D&xkcb=SoBX67M3CkGIS4Rucp0LbzkdCdPP&fccid=bdcc259b900be63d&vjs=3,job_2ac574d70f9f3675,Zepz,London,None
Senior Lead Software Engineer - Frontend (Typescript/React),https://uk.indeed.com/rc/clk?jk=757117de60c1d9c8&bb=L_ac1rDGXz0TQji7e9StusNovhYbWAuqqfntHsHOGXbvTyz3O8Ue53RFSSiSL_YwPhBgRrr0JNNvGFEw_3Fm-YQCo_UO9sM6j-EO1vOkLpI%3D&xkcb=SoDj67M3CkGIS4Rucp0KbzkdCdPP&fccid=c46d0116f6e69eae&vjs=3,job_757117de60c1d9c8,JPMorgan Chase & Co,Canary Wharf E14,None
Software Engineer,https://uk.indeed.com/rc/clk?jk=8c2ca582125b7fa8&bb=L_ac1rDGXz0TQji7e9StugxAwIAv-tI69Ru9i51sb12kA0Fs67XoaPS0lv23bEQX0o5ZcHa469ib-uXfSbXAUfQSFZK2-ED9792iZdIBz6Se1lOUODguTA%3D%3D&xkcb=SoB-67M3CkGIS4Rucp0JbzkdCdPP&fccid=daf8f3ed4a794cf2&cmp=SASL-%257C-Software-Alliance-Services-Limited&ti=Software+Engineer&vjs=3,job_8c2ca582125b7fa8,Software Alliance,Woking GU21,None
2nd Line Support Escalation Engineer,https://uk.indeed.com/pagead/clk?mo=r&ad=-6NYlbfkN0BlIR6L0eizDKDqkzeZRfLume_DxC2-xIBuckbPXhGlgQUfUDGgm7CYb_14Rgoa7_GbNsLh-jD6a4yhhKNYHimIw3qr13vBLW1O-cuz8slbJ65VgLQpTIqSPerRTR1CYO_gL9duqOcrw3RcgYdhVTqz2rutxU065LntumnmNpOk1F2QzcMSAQ9uVphCYdgqJJRH0iTI3Ldcj2hPdP1BQ4_u27c8iBo4_vvcujwA70EmaCcGD9zKFMKQGmxm7EvppSFDWR-KNv-cFbZrqD_VtcqUBHkZQXO6MmzvEviDIDgcgcTXMnFY9NR70CO1DuqyEBG6h2OUs_tcCmpCLvofMEDo4k0TmDZr7Iu-ZDLlID9orlt-JDsCODUsW4EKGN51DYXEI5G0FI5a4oPGMi9nOeIhQv_4x-tUkh79cPRvMZnphgkvnT8DdJ2L9Ck9fJKrAqfxdDqi7c2ZBW8X4Qp3FGWTf0i4WVMUhqTHEFtMuEDChhzop7BzMwDxBOb-EsbWx6VGiO2lTLEBxbh3goSIiqtk1vPJyYFxKcVaZ5lg58dPwezJEfqHPkzz-4tuP_y-a7dc-MuEuXfL3RLFtENwjcUChPJuiqHEaA4zGupJVnTpBYLGHLECs29sCI1LkNOLd2-fNVJkige-PabNED3IbSeELZ2eTVpE46lMhtNUztFnfs6PNomGAWPQai5K8ZN3aZF5mfjLmkb9vyRryqZxjZLm5eomu9eDEyM=&xkcb=SoA-6_M3CkGIS4Rucp0IbzkdCdPP&camk=4HOcmqOLYrC6wPGucmvt9Q==&p=3&fvj=0&vjs=3,sj_86ae556bc553dd2b,Rise Technical Recruitment Limited,Kingston upon Thames,"£32,000 - £38,000 a year"
"Control Systems Software Engineer (C#, React)",https://uk.indeed.com/rc/clk?jk=9477120fb7687fc7&bb=L_ac1rDGXz0TQji7e9StupweiYnXIWdF2CdGSKefL7PgL1DJIg9nTS2Zy3tmXiQhb3o3NNR0NNiYCUSvMgW6XhBfZdAw8hHcdMLqLj5vZQ8%3D&xkcb=SoBE67M3CkGIS4Rucp0PbzkdCdPP&fccid=7c810ca419168ca0&vjs=3,job_9477120fb7687fc7,Centrica,Windsor SL4,None
Software Engineer,https://uk.indeed.com/rc/clk?jk=4ea3ab44b1f8105c&bb=L_ac1rDGXz0TQji7e9Stun61etqQbdsIyPXX9exNIO0zQHOqRE4vPtHu5ceWGlINP45ecfmfckEf8ZaIf76UcNoJWrCiiq1Fq1HwMhgP72JU7Vsjn3pQnw%3D%3D&xkcb=SoDw67M3CkGIS4Rucp0ObzkdCdPP&fccid=f669c7a8ba208cbe&vjs=3,job_4ea3ab44b1f8105c,Domestic & General (D&G),Wimbledon SW19,None
Junior .NET Developer – Online Film Rental Company – London,https://uk.indeed.com/rc/clk?jk=6a7cef31965d1ae2&bb=L_ac1rDGXz0TQji7e9StumttEuw2jfnnxXHHCMjXcPf-0uNYr3Ry7Cnuri3RMpaL8dA36Cd1rCqhlziqvA9p6M6_K8wD0HYkKaPakaaTNTCeKPgz8JBaOQ%3D%3D&xkcb=SoBt67M3CkGIS4Rucp0NbzkdCdPP&fccid=7da7be489732c9ae&vjs=3,job_6a7cef31965d1ae2,Noir Consulting,London,"£25,000 - £35,000 a year"
Senior Software Engineer - EU Remote Based,https://uk.indeed.com/rc/clk?jk=ebcccf8000350cd6&bb=L_ac1rDGXz0TQji7e9StukSM3PRlmjYhnbpOm811mxac7IpcQXrNFK2izp_KGWHk-sxggGls47-WQAtNDl5M6y9B5QLTsQ9t-0W9c3Ve0xc3UM_vdZOUbQ%3D%3D&xkcb=SoDZ67M3CkGIS4Rucp0MbzkdCdPP&fccid=344344dda6e83d9f&vjs=3,job_ebcccf8000350cd6,Holland & Barrett,Remote in London,None
Junior DevOps Engineer,https://uk.indeed.com/rc/clk?jk=b1d7bbb33eb2cfef&bb=L_ac1rDGXz0TQji7e9StulJCdMZ-1dM8xaG8TQb__C_S_jZYlZwZzxA6wj3uPhra85q23QprvFcntteSfkP8GKiTDDsNWVHO1ZRC2vTgXyTGabVWTJ407A%3D%3D&xkcb=SoAw67M3CkGIS4Rucp0DbzkdCdPP&fccid=c13ad22a926acf9d&vjs=3,job_b1d7bbb33eb2cfef,Spier Consulting,London,None
Software Engineer,https://uk.indeed.com/rc/clk?jk=77e68fabceebf301&bb=L_ac1rDGXz0TQji7e9Stuhg_5bqiuCyGM1m77Bs_nCQgVhxnbUE5s7NfGE8sqt9jdHByk_Yd3otNKEPv06iZ0179Xl2I_dl0dwntXCPY7Kk%3D&xkcb=SoCE67M3CkGIS4Rucp0CbzkdCdPP&fccid=43a69183767d4301&vjs=3,job_77e68fabceebf301,CGI,Hybrid work in Leatherhead,None
VOIP Support Role junior,https://uk.indeed.com/rc/clk?jk=2e82df4eb4386ee9&bb=L_ac1rDGXz0TQji7e9SturhJcuNUc5sFqAgJL3JvSq9YLGnTyiduhVtM-semVqWZMaXnTXmeGZK8JgILN0EL6BGFD3nD82iASBTk3r27CVQQ9PlCGLhZJQ%3D%3D&xkcb=SoAZ67M3CkGIS4Rucp0BbzkdCdPP&fccid=c29cde9509ea6817&vjs=3,job_2e82df4eb4386ee9,MBR Partners,Hybrid work in London,None
Junior iOS Developer,https://uk.indeed.com/rc/clk?jk=498e9dabc0641123&bb=L_ac1rDGXz0TQji7e9StulHlJ527JGJ4WchT7b16B_9A-uCfRxbJAMrNZrVX6i-az31SfXl_3UQj6U8guHZXCzleYZiIWM8Rd1Ry_nsly3M2T7O3s5fbww%3D%3D&xkcb=SoCt67M3CkGIS4Rucp0AbzkdCdPP&fccid=fae563c40212ccaf&vjs=3,job_498e9dabc0641123,Moneybox,Hybrid work in London,None
"Full Stack Engineer (React, TypeScript & Golang) - Customer Acquisition",https://uk.indeed.com/rc/clk?jk=c64f7518ea783434&bb=L_ac1rDGXz0TQji7e9StujVY_j2nq3Ks2pc8BLZITSSQPhl1GWp9EIWLt4WX4I8YhGUOuZG4mCxNz4PXJDHvYVEuPi2fTrFDJk4Dd6eLUeHBhoONFZWPyQ%3D%3D&xkcb=SoAj67M3CkGIS4Rucp0HbzkdCdPP&fccid=2f23b99993bdc745&vjs=3,job_c64f7518ea783434,Utility Warehouse,Hybrid work in London,None
Senior Software Engineer,https://uk.indeed.com/rc/clk?jk=fb361cf96b9b1aa7&bb=L_ac1rDGXz0TQji7e9StugjERs4MoOdKgDG2ncpJhpJGIyri4GNwAMLjKbMInO5hF4gd8JYbmGfmxZohYpc-Q4Z6okZ9c_eyEQJ-3j6feB8%3D&xkcb=SoCX67M3CkGIS4Rucp0GbzkdCdPP&fccid=ce539689f60a1d1d&vjs=3,job_fb361cf96b9b1aa7,News UK,London,None
Senior Software Engineer,https://uk.indeed.com/rc/clk?jk=74a2e6112fa5df9b&bb=L_ac1rDGXz0TQji7e9StulYwdLBGSZ5ilfV6NPnq6f9ukj6eYNJrlSFx7hUcQlxNvPbI71skf3wULvohICL1N_sCcHR92hVVjEO3kpURO83cLCaV7U_TXw%3D%3D&xkcb=SoAK67M3CkGIS4Rucp0FbzkdCdPP&fccid=32f4aa05edfbbe63&vjs=3,job_74a2e6112fa5df9b,Equinor UK Limited,London,None
Senior Software Engineer,https://uk.indeed.com/rc/clk?jk=fb361cf96b9b1aa7&bb=xyGxA0z5gdU7p64k8rU6j1ed2pQNUKZxlOR15vUL9izuENKjpgx9kzQQlVUweIXE7aHIXxx4yfEDwIVlXYb1cE5TvkAd7bPa4d6Zjohy5hM%3D&xkcb=SoA-67M3CkGIGnRuUZ0LbzkdCdPP&fccid=ce539689f60a1d1d&vjs=3,job_fb361cf96b9b1aa7,News UK,London,None
Software Engineer In Test – C# – AI Analytics Scale up,https://uk.indeed.com/rc/clk?jk=b12d25d739897f04&bb=xyGxA0z5gdU7p64k8rU6j87H-aVkEM10PWDmlldPs3UvJGabuZftXS78Dbuw6TQEwVdE5RtXHEzGsSGHoIgNIz9mnX3X1WroI_PZ2bKg_IMWQsX7PNER7A%3D%3D&xkcb=SoCK67M3CkGIGnRuUZ0KbzkdCdPP&fccid=932481fa2e1b1ff5&vjs=3,job_b12d25d739897f04,Propel Together,London,None
Back-End Software Engineers,https://uk.indeed.com/rc/clk?jk=f4c4e5cb9d24b97e&bb=xyGxA0z5gdU7p64k8rU6jx0eSlBNRgSyo2y1vUYOqZtkMhgIfHfDb-s5fpOY3VLHY1ywyAyxyhJDu6LtnsC79j9rbcenM8joOkGjMzrx7k5TiuvCEEfzfw%3D%3D&xkcb=SoAX67M3CkGIGnRuUZ0JbzkdCdPP&fccid=f644de6d72c7ed45&vjs=3,job_f4c4e5cb9d24b97e,Blockchain.com,Hybrid work in London,None
"Senior Software Engineer, Global Banking Loans",https://uk.indeed.com/rc/clk?jk=72f4848475269969&bb=xyGxA0z5gdU7p64k8rU6jyi6_eJB6rj_Zw9YHyA438D8jww46gjhm-AddT5adk18s1wk6HQNt94Y4Om6JmP69ja6TCE_r2Zbs9YVEkMPU2A%3D&xkcb=SoCj67M3CkGIGnRuUZ0IbzkdCdPP&fccid=1c76c3a36f6c7557&vjs=3,job_72f4848475269969,UBS,London,None
Senior IT Support,https://uk.indeed.com/rc/clk?jk=5935429bb222be8c&bb=xyGxA0z5gdU7p64k8rU6j21FI_a01t1CLmZ9UNq3sAwDvMjMtmPqwUzIvzcsiVO8gZc7bn0muqW2UMCaiYnc36D3bB4Lr_ooFjssjZh6m1QmLJphV-MjMg%3D%3D&xkcb=SoAt67M3CkGIGnRuUZ0PbzkdCdPP&fccid=919bd6796f22cd46&cmp=Hudson-for-Sharp&ti=Senior+IT+Support&vjs=3,job_5935429bb222be8c,Sharp UK,London,None
Software Engineer,https://uk.indeed.com/rc/clk?jk=52cd60763d2e8936&bb=xyGxA0z5gdU7p64k8rU6j0lGH1D-OUSZUnjnLB2lt-ldUc3sK_0x-BKNi38aIb0jNsZJJf3YU6ERGR1IWsaR7bI3T5lrllnOyzRbwM8iOm6Rg7QjOGCk3w%3D%3D&xkcb=SoCZ67M3CkGIGnRuUZ0ObzkdCdPP&fccid=f9e2e5892872b5c2&vjs=3,job_52cd60763d2e8936,Arch Capital Group Ltd.,London,None
Senior Software Engineer,https://uk.indeed.com/rc/clk?jk=9513472eee3ca696&bb=xyGxA0z5gdU7p64k8rU6j6qexGbSoN_7r6tK84F8KE1pAayIBoEzk8u5lj2owQyK0mW2RllH2_t80pbEe22dAhuylWoRNQdgLhwEa7_LP7kpLyOT1pV93w%3D%3D&xkcb=SoAE67M3CkGIGnRuUZ0NbzkdCdPP&fccid=2f68eba4585c3dfb&vjs=3,job_9513472eee3ca696,Gousto,Hybrid work in London,None
Senior Software Engineer,https://uk.indeed.com/rc/clk?jk=23313c6f26322f0c&bb=xyGxA0z5gdU7p64k8rU6jxis1iYnemZFVabP4Cpp-G7Myco12x1o98_b_yE_EMqHy_Rzf7e74V2v1nIKdEI3AavFLE1255uyCOlcTz8bqhHqseGYC7dNBQ%3D%3D&xkcb=SoCw67M3CkGIGnRuUZ0MbzkdCdPP&fccid=6923c0432ca7f25f&vjs=3,job_23313c6f26322f0c,SilverRail,Hybrid work in London,None
Software Engineer,https://uk.indeed.com/rc/clk?jk=380a00bd6fde9b0c&bb=xyGxA0z5gdU7p64k8rU6jwK3TxF-WWqnreDlWoiGKObmcqz56dfn1TfpVDYrd_3ByuXVV4BD7Z_QCCF5N9Wlpct1OnzI52NtZHrTBNIldL2TgSyjDkTbmQ%3D%3D&xkcb=SoBZ67M3CkGIGnRuUZ0DbzkdCdPP&fccid=2f910cd983f6536f&vjs=3,job_380a00bd6fde9b0c,AlliedCrowds,London W1J,None
Junior .NET Engineer,https://uk.indeed.com/rc/clk?jk=1613abac70d81f47&bb=xyGxA0z5gdU7p64k8rU6j1g7URxUOP4ImgLGlFzjeFUF2nY5xlfzU0d3I3c9oF8OugBBmgRNGxvTPMW62LfzQLaO1VySOUg1eVgidJnphkejH8rpSI0cSw%3D%3D&xkcb=SoDt67M3CkGIGnRuUZ0CbzkdCdPP&fccid=794d6597982f5e2b&vjs=3,job_1613abac70d81f47,Trainline,London EC1N,None
Senior Software Engineer - Storage Team,https://uk.indeed.com/rc/clk?jk=9725678b82cd6d28&bb=xyGxA0z5gdU7p64k8rU6j_UThv-R-mQImirgA54PjUaxJoyEZ9FH2TI3wTcL8pmyLlYSg-7QtMp30PUinvMbAe2M-V-eYdaF4saRzlbB1QjmPPKjA7luHw%3D%3D&xkcb=SoBw67M3CkGIGnRuUZ0BbzkdCdPP&fccid=0403dd51d2bfe503&vjs=3,job_9725678b82cd6d28,Mimecast,Hybrid work in London,None
Front-End / Full Stack Engineer,https://uk.indeed.com/rc/clk?jk=7d54c05fbba036e2&bb=xyGxA0z5gdU7p64k8rU6j7IJJ3gz0xRI0PLbXWQjxYelqqfNHRX-LrLFRtUcaAfaEWy2RJgL_wBG8zy0NmtCrp8wTpaRcJ-v_TfwFBIYsLZw4UfV5Co5Qg%3D%3D&xkcb=SoDE67M3CkGIGnRuUZ0AbzkdCdPP&fccid=c0f90feca0f4716b&vjs=3,job_7d54c05fbba036e2,EDITED,London,None
Senior Software Engineer,https://uk.indeed.com/rc/clk?jk=254bb3311c7d2ede&bb=xyGxA0z5gdU7p64k8rU6jyi6_eJB6rj_r0eVEDtmzRwnZom7kSsFc30XPLNjwaON9NrpqbvSxYRwh5-eVrkqqLqtptg1PuWQX_IGSZZDwpjajA_Gp9ahTQ%3D%3D&xkcb=SoBK67M3CkGIGnRuUZ0HbzkdCdPP&fccid=2f68eba4585c3dfb&vjs=3,job_254bb3311c7d2ede,Gousto,London,None
"Full-Stack Software Development Engineer, Amazon",https://uk.indeed.com/rc/clk?jk=4a370af5952cb561&bb=xyGxA0z5gdU7p64k8rU6jy8tICYO-_1V_7BfWcttF5P38eHuk0jgPpXOtjdNxA3C8tTEOlnykucpT81Dq6JwnH-HNOdTpNHga5PdyYo0xP8%3D&xkcb=SoD-67M3CkGIGnRuUZ0GbzkdCdPP&fccid=fe2d21eef233e94a&vjs=3,job_4a370af5952cb561,Amazon Development Centre (London) Limited,London,None
Lead Software Engineer,https://uk.indeed.com/pagead/clk?mo=r&ad=-6NYlbfkN0AYBzjOuyPwVsCUW5NJwd4KY6YrRJCjcDKJus5dEoGbuWqzTlijoyjbCFm0AdhrW2WNENq1bmPsAi_YrFLQSv-j2Z8BocZXpKjRTKVka5bTff3sEQe3ZDbYHw--iEv5pkN6VbSJ9SiLk5FRZgwT92DONZv2FIzCxb0mXbbqah8vlpmcssxLeZ2hFAy3AjB_zGDtCTUgiUjkoGtqfECAUYM8H14chtVQgW-u5MWRIfA2b_n_nhDvnvWZGzEF6zYBifYNhygtcHQ53iEACaUEK4vKHs1c6oi25cHskPq6I0K_aCAca5RBLNmYvQWUbafCifrH2rlZA5YJA-YlkBKHEJH_r2f9jHrpf0OR7aM6lI5xDZ-GhJnWLEhCqME4b0PYotRdpdUUo5Uir85nPWDP8sNjgTcIUBc04VzShFQXUwwXSL6D53zRDRUEpTNTv2q9o3CmVbsubHlh3uoTMvV_0FEgVbfRi8iTT_1xunaSqKt-i-xaEDgrXaqt_Q1h5AuYaJZFM3Ho67zApChwLSwBSKZcQia9i64cslYfo1rAG-hT3IBJLPHfUwQO163rtJG4ppqsxSHDGhvQ41unskd39dESC8mL_aJL0PIdotEjyxw2wtrxY1G8hzgrJCaFUMP0O0arzwh-MJ6QxU9-_BNb0QNpJTCpX8PxVnNHnMZVC3wDgg==&xkcb=SoCX6_M3CkGIGnRuUZ0FbzkdCdPP&camk=H-lBaXMUocIqV6H9-xto4g==&p=14&fvj=0&vjs=3,sj_dbbe6bd1b3024596,Ground Control,Hybrid work in Billericay CM12,None
Senior Software Engineer,https://uk.indeed.com/rc/clk?jk=633181699474c088&bb=jwpzPj7XMDUZX6yzZ0K6YxpIfC_Hd-ekDnrTXL4m-ofKdoZdifRHH8I7Gh3bYp7A_-V6KXJ5IcBCJVDDyCdvNwx31LPNWMmMjZxYuLYQe0A%3D&xkcb=SoBM67M3CkGIKTRuSZ0LbzkdCdPP&fccid=43a69183767d4301&vjs=3,job_633181699474c088,CGI,Hybrid work in Leatherhead,None
Senior Automation Engineer,https://uk.indeed.com/rc/clk?jk=b0621db77322dafa&bb=jwpzPj7XMDUZX6yzZ0K6Y27NVKvZ5FDzWSw-YRKEy_Wf71-VatYIfMdXKZqcilm2euv2ZaVLxH__lmnACkPogDlpMz0ZMTyMtPcl58uxVzkHZxkVwnPR5Q%3D%3D&xkcb=SoD467M3CkGIKTRuSZ0KbzkdCdPP&fccid=ceea61955dd7be94&vjs=3,job_b0621db77322dafa,2i Limited,Hybrid work in London,None
Senior Software Engineer,https://uk.indeed.com/rc/clk?jk=bb6a005acb623f01&bb=jwpzPj7XMDUZX6yzZ0K6YyMszT5sdMZ_hOL2qTs5-c2Gl9fHfA5K6U8el52aEdTxtyE0wzhDFlAJwTZctC8KazFeDLDtoSPhLsNhjfkLPp1j6696XmAsrA%3D%3D&xkcb=SoAJ67M3CkGIKTxuSZ0LbzkdCdPP&fccid=8ed9c29d0fd75ef3&vjs=3,job_bb6a005acb623f01,News UK,London SE1,None
Senior QA Engineer,https://uk.indeed.com/rc/clk?jk=29816acb2191132d&bb=jwpzPj7XMDUZX6yzZ0K6Y0q5FFHo1HuGRijawO19oZzNtctnwoqViVnlyGKcvhsqw05lqpCyOUkC06Vj82NN12nKnuhonAOtohF0zLPnDjqUBUYR772iYQ%3D%3D&xkcb=SoC967M3CkGIKTxuSZ0KbzkdCdPP&fccid=e0cf9055399ee52d&vjs=3,job_29816acb2191132d,Brit Group Services,London,None
Senior Software Engineer - Endur,https://uk.indeed.com/rc/clk?jk=92e8d94666175aa5&bb=jwpzPj7XMDUZX6yzZ0K6YxpIfC_Hd-ekydsT5Xtt8WXlzjcdSfo3-fIyp-UNr9IxvtUu0UQa8nqNOwlHerBhdpnraR_UuGF-qvK6lEuPZcA%3D&xkcb=SoAg67M3CkGIKTxuSZ0JbzkdCdPP&fccid=167aa4ca2fe7d8e6&vjs=3,job_92e8d94666175aa5,Shell,London,None
Software Developer,https://uk.indeed.com/rc/clk?jk=c06c7d28afc8774e&bb=jwpzPj7XMDUZX6yzZ0K6Y427o2XaA83PbAeG_uegzCYhsBjisluHvT3PB-uTcpUmEUR7hwjodd8G5ujam_B7_yS6yzFlatAe4c5s0_LWNgwcidCnuVa89g%3D%3D&xkcb=SoCU67M3CkGIKTxuSZ0IbzkdCdPP&fccid=e4bfb53c7b940c0c&vjs=3,job_c06c7d28afc8774e,Ministry of Justice,Hybrid work in London,"£39,868 - £50,039 a year"
Principal Software Engineer(Backend),https://uk.indeed.com/rc/clk?jk=b0432832d966a8cd&bb=jwpzPj7XMDUZX6yzZ0K6Y8VzWPABh17I_FSDsNpq-gQ9G2sfZP3WpRL1eyC7kPMB4dMiwHa0DRBVo9MjL3WRximD_9pTckdTRC3v11AszNs7ASiK3n3ykg%3D%3D&xkcb=SoAa67M3CkGIKTxuSZ0PbzkdCdPP&fccid=eac151ca463622e8&vjs=3,job_b0432832d966a8cd,Noon Academy,London SE1,None
Senior Java Software Engineer,https://uk.indeed.com/rc/clk?jk=16ddb26092d068c1&bb=jwpzPj7XMDUZX6yzZ0K6Y3y0z3TeGrs3QnY3zYreV_rg-NJ8Ja0RmhUeg4Ovf_B5tlrAfnLqLyADL4d5OJHL14Pz8-JY1tLsHX-hmeTDqZZkBF6i-AQOfg%3D%3D&xkcb=SoCu67M3CkGIKTxuSZ0ObzkdCdPP&fccid=24c447c31c21bfaf&vjs=3,job_16ddb26092d068c1,Eames Consulting,London,None
Backend Engineer - Java,https://uk.indeed.com/rc/clk?jk=f56ca5a71a73449e&bb=jwpzPj7XMDUZX6yzZ0K6Y5ylz1Z_XfvLiSStt87qGo8p8a_LUiww_Jw1bl1QGJDw38y0D4KJdIfcNpZM_zB1l8FlKwkhAc3LtudKHu0ACSqAughNuNk6lg%3D%3D&xkcb=SoAz67M3CkGIKTxuSZ0NbzkdCdPP&fccid=c2a63affe8751868&vjs=3,job_f56ca5a71a73449e,CAPCO,London,None
Senior Software Engineer,https://uk.indeed.com/rc/clk?jk=10694992f3efd47e&bb=jwpzPj7XMDUZX6yzZ0K6Y20vak0buxI1TwmbYoz8C2t3gAWR3I80ez4DQKgt-FrXrKiaGaLcZ8lpdG8_KZbX_fh4pFoc_GpoeOeRpu3X-R744BQdwPBLJA%3D%3D&xkcb=SoCH67M3CkGIKTxuSZ0MbzkdCdPP&fccid=c57da989524f65e7&vjs=3,job_10694992f3efd47e,Cloudflare,London,None
Senior Backend Engineer - Wise for Banks,https://uk.indeed.com/rc/clk?jk=05edf3f5ca46700a&bb=jwpzPj7XMDUZX6yzZ0K6Y7gIdm6-jS-vh6_aslnnzCooIW0JZHSf1aXmL5If332osqvyxRzupymoZMng6vaAErQtAKgLV19-AGbG7BtqD1EqgtDCRc4c-Q%3D%3D&xkcb=SoBu67M3CkGIKTxuSZ0DbzkdCdPP&fccid=0b3564a667f52b8b&vjs=3,job_05edf3f5ca46700a,Wise,London E1,None
Lead Front-End Software Engineer,https://uk.indeed.com/rc/clk?jk=ccca342fb098465a&bb=jwpzPj7XMDUZX6yzZ0K6Y0MWimvk4POQ7GdaKxM-Jm1Ppa2SflbvvE6VelhzAhIRyrL61pU7iwOeYhsVRrjvpg2znNfz3gmsiWkS7RptchwWrJWxsior1Q%3D%3D&xkcb=SoDa67M3CkGIKTxuSZ0CbzkdCdPP&fccid=05b134a75d2b1e86&vjs=3,job_ccca342fb098465a,Percent,Hybrid work in London W1W,None
Backend Engineer - Java,https://uk.indeed.com/rc/clk?jk=091d680591c2dc77&bb=jwpzPj7XMDUZX6yzZ0K6Y2xoafMCDSjOKVyAne6YVrSwpie0R69JoYZneia4f7HJcaj1uWiS-8lj1mDU-5q0UqdMvlPepWt3k-O7Q9FpOllUgn0CVQh2sA%3D%3D&xkcb=SoBH67M3CkGIKTxuSZ0BbzkdCdPP&fccid=c2a63affe8751868&vjs=3,job_091d680591c2dc77,Capco,London,None
Back End Engineer,https://uk.indeed.com/rc/clk?jk=95e45260143f197c&bb=jwpzPj7XMDUZX6yzZ0K6Y9J0a2BJ5goAuAwyxZgRLIh7U2Msw9Id5uTyTNM21Hxq8cCGKwYXCD3QTjjmj-_ijE2X8LcUn71rfrMk-yRnq-fwuzzCUlo1Pg%3D%3D&xkcb=SoDz67M3CkGIKTxuSZ0AbzkdCdPP&fccid=c0f90feca0f4716b&vjs=3,job_95e45260143f197c,EDITED,London,None
Senior Software Developer in Test - Mobile,https://uk.indeed.com/rc/clk?jk=324e2dfb38d29f6a&bb=jwpzPj7XMDUZX6yzZ0K6Y5Ysf138vHVAzK5xLi_xDvYQhlzdyG_EY5uAUeUguYBC4-86AXbQmY3TWH-e46vrEilk8CRBSqtHv3gZtiDfQWM%3D&xkcb=SoB967M3CkGIKTxuSZ0HbzkdCdPP&fccid=b85c5070c3d3d8c8&vjs=3,job_324e2dfb38d29f6a,Capital One - UK,London,None
Senior Software Engineer II - Activation,https://uk.indeed.com/rc/clk?jk=1f954f448704bb2c&bb=bs8MhfcYmkzFAh4eAcPt0lwRf9TWnKJ6M_gUW4Jtv294_-oLWzV7uZcAmYca9hlT-S5WSyOtU2_WZRixT_-s_x96ntEKIl5SbgWbhFBoUaTl7DhrYMZ8yg%3D%3D&xkcb=SoCZ67M3CkGH_PwsWp0LbzkdCdPP&fccid=a14326eb59ec50db&vjs=3,job_1f954f448704bb2c,Checkout.com,London,None
Senior Backend software engineer,https://uk.indeed.com/rc/clk?jk=a3262fada9ea6fb7&bb=bs8MhfcYmkzFAh4eAcPt0g8RvtrS16IpHVRZvDDw6in7rO2TBM4lDdebEHPxa4CKJSnKW82iwVD17YpuAy_V1_6FnfUNkv1Of9lYxB1gmvHTvu0MI8ASZg%3D%3D&xkcb=SoAt67M3CkGH_PwsWp0KbzkdCdPP&fccid=cfdf06e22babe658&vjs=3,job_a3262fada9ea6fb7,Grabyo,Hybrid work in London W1B,None
Lead Full Stack Engineer,https://uk.indeed.com/rc/clk?jk=de2b28604ac1a9cc&bb=bs8MhfcYmkzFAh4eAcPt0ppFjQEutnd6agjwLWhlzPVq8JE_X0T8g2An9DLeNvr7RoZhrKEnuU_gGQaEoHas6uTRl_7otOHaxxdtlVrwVI-1TIPU92-R0Q%3D%3D&xkcb=SoAX67M3CkGH_OQsWp0LbzkdCdPP&fccid=736b15e5e3df1c24&vjs=3,job_de2b28604ac1a9cc,The AA,Hybrid work in London,None
Senior Front End Engineer,https://uk.indeed.com/rc/clk?jk=e44ed91b2c2c74c9&bb=bs8MhfcYmkzFAh4eAcPt0utin6edsm3bbyMCARofHaJ1XW4AxvYr_6ZSj0WyEEN6J592aUd-l02P14vbIdMveU6mNbEtMoz7z9mN9-Ow5OyHGjNe7CQAuw%3D%3D&xkcb=SoCj67M3CkGH_OQsWp0KbzkdCdPP&fccid=10e7355dbc94202b&vjs=3,job_e44ed91b2c2c74c9,Octopus Money,Hybrid work in London,None
Site Reliability Engineer,https://uk.indeed.com/rc/clk?jk=75db397f5bc5efbb&bb=bs8MhfcYmkzFAh4eAcPt0llKHKL-Od8__WCsof36hcpsNqJ94orT--xvDkLmk74FHyvUqE4QTPnoytzCwYdSSiPp5ecmqB1kCxoVI3_nHfL0BJp3vWTAMw%3D%3D&xkcb=SoA-67M3CkGH_OQsWp0JbzkdCdPP&fccid=a2e4cc258a12c9a6&cmp=Strategic-Imperatives&ti=Site+Reliability+Engineer&vjs=3,job_75db397f5bc5efbb,Strategic Imperatives,Hybrid work in Woking,None
Senior Software Engineer,https://uk.indeed.com/rc/clk?jk=3bcbc3b3fda3e2c6&bb=bs8MhfcYmkzFAh4eAcPt0tXNLF83wxYT7hlwcxHBKqwTo1P-9BBrLw2L_mspmW2jtWRqKIme0-9MtJ9mf8HPOFHMa91yw5dzktq3zg5WKWEFFdWKs1cjvQ%3D%3D&xkcb=SoCK67M3CkGH_OQsWp0IbzkdCdPP&fccid=d72eb0548d91249c&vjs=3,job_3bcbc3b3fda3e2c6,Harnham,Hybrid work in London,"£80,000 - £90,000 a year"
Senior iOS Engineer,https://uk.indeed.com/rc/clk?jk=ba3d98a17caa1e03&bb=bs8MhfcYmkzFAh4eAcPt0si8XF1ogyUCAb5SVarEV4GWfr1528jI30LrF-BVlkVYeylhuH1QS0bpamzF6uzUSWX8Ue-oYFY9uuG8grrF8jon_Qzh5kTZqw%3D%3D&xkcb=SoAE67M3CkGH_OQsWp0PbzkdCdPP&fccid=fdb210f6a49b1c13&vjs=3,job_ba3d98a17caa1e03,Warner Bros. Discovery,London W4,None
Software Engineer,https://uk.indeed.com/rc/clk?jk=d893df9fd19f9eb6&bb=bs8MhfcYmkzFAh4eAcPt0g5DtYlLFFdgzzdmFeNK2w9OlCRDGdhvdb2J3siTSuH7D45uNxOTPhdPcUM9dWuxJPLfT6BuIKJE8nnEX4ZuvjApeenh8_rqcw%3D%3D&xkcb=SoCw67M3CkGH_OQsWp0ObzkdCdPP&fccid=7e883e8ff0d69499&vjs=3,job_d893df9fd19f9eb6,WTW,Reigate,None
Software Engineer,https://uk.indeed.com/rc/clk?jk=5215c7383202b81f&bb=bs8MhfcYmkzFAh4eAcPt0gIZ_yLBr6x_ERbQ_EseTGovKLfrzNa2GdtdBxpnXI2bDAOqvelrU2fIIUkw7HX0Tu3WmrNw4f3aN98YInl-_LGbNRNrFizcGg%3D%3D&xkcb=SoAt67M3CkGH_OQsWp0NbzkdCdPP&fccid=c7414b794cb89c1c&vjs=3,job_5215c7383202b81f,Linux Recruit,Hybrid work in London,"£75,000 - £90,000 a year"
Senior Full Stack Engineer,https://uk.indeed.com/rc/clk?jk=525db3c95e030fbb&bb=bs8MhfcYmkzFAh4eAcPt0r0dhpGAZb90fwuKoAxWORWdY_mWqzrEgcD8bxCbmjE_84ILF7HF8omne1fVSlO84XzatXrfvIlYQwx7kgJAcX8VqjVWMPWwLg%3D%3D&xkcb=SoCZ67M3CkGH_OQsWp0MbzkdCdPP&fccid=cf94a2aa6eb7d672&vjs=3,job_525db3c95e030fbb,PA Consulting,London SW1E,None
"Senior Software Engineer, Node.js",https://uk.indeed.com/rc/clk?jk=9a3d2ffd3b705a03&bb=bs8MhfcYmkzFAh4eAcPt0slwWDFypdr708C3qBB4o_aoOlyJH8RGHxFMQVO3re8PCBt-X2W9y9RR19Y2ec8iPuzWBvoF4B6vO-rzhCFtwkjS3ZTsjQVMcw%3D%3D&xkcb=SoBw67M3CkGH_OQsWp0DbzkdCdPP&fccid=c887689baf926b61&vjs=3,job_9a3d2ffd3b705a03,Computools,London,None
Graduate/Early Career Developer - London/Finance/Graduate - 40K + Benefits,https://uk.indeed.com/rc/clk?jk=9bb353be4cb7e914&bb=bs8MhfcYmkzFAh4eAcPt0lstW1KFY4osX-FpkMF1XVCS5WVzCtBapWkrw-ga2adLAAnjtyGqFPA2Ft01nSxRd1nckcJ7tOUGyiGH6nTKRjle7vW4CqAH8A%3D%3D&xkcb=SoDE67M3CkGH_OQsWp0CbzkdCdPP&fccid=f8e8a022a5853af0&vjs=3,job_9bb353be4cb7e914,Adaptive Financial Consulting,London,"£40,000 a year"
Senior Fullstack Engineer,https://uk.indeed.com/rc/clk?jk=58177c16ce4d2209&bb=bs8MhfcYmkzFAh4eAcPt0iWBYV16hC69F_gKwrhke3ZMesDDvO9rX0h97bSOUNa-Nl4VxNSpYYZ_f5d6kTVfACDjD1WPN20MvUN0qjiF9yleKWast2HBDg%3D%3D&xkcb=SoBZ67M3CkGH_OQsWp0BbzkdCdPP&fccid=dd616958bd9ddc12&vjs=3,job_58177c16ce4d2209,Flagstone Group LTD,London,None
(Senior) Python Developer (m/f/t),https://uk.indeed.com/rc/clk?jk=455ee47be433de96&bb=bs8MhfcYmkzFAh4eAcPt0lwRf9TWnKJ6aSe0gawHByCc2QvaqqAMj_7Drpk6usAiGTnYgTmmgUqoh7CnhN28yycMcGPwxBqJb-eY5ddaIAPEVqka1y8S_Q%3D%3D&xkcb=SoDt67M3CkGH_OQsWp0AbzkdCdPP&fccid=169d4d0de76b0575&vjs=3,job_455ee47be433de96,RWE Supply & Trading,London EC2R,None
Lead PHP (Laravel) Developer - Perm £80k + bonus - Fintech,https://uk.indeed.com/pagead/clk?mo=r&ad=-6NYlbfkN0CSQNYCQT7nHq8P0wNJS_USmk1iEIfTbn18KnDTRcZj2REsh-dS3EyW_oPP1uBGTvyAGi3LPbG4mPXGjlypAZd_2hqArGESSZRSIAk3Fz77s50TWAnfvysOEm49lwyBkiVgRN15Psbzrr0cYZHPVIHAFqWNAXVp0u2jwW8s0LH3tP_43cOb7lv0WX4fGsNdJgO7r9iiIq0prv68IchWaLSqfY5d24hisuTKt5nRgcwYWLFdDor-sTID92tkIBaGbQJNpb6eQ17-_thzbyPk21q6BG8XZX2ccNAvFkHoZtco7j4s9qRnOSNP1bvjbOYMefNXtUJNkoyw3PnHmCqBoKFFzAcjENeFbom-jvXkE2htwKoMJDYeaHUCGyTIwPF8O0XOKiSlLP-f6WhSlz8zJ6vHVV_Sr3pFcRupOX7o8XTceylE1JIsi3UvLDbWjuoj4SZfNjatJ1w3QOhFY-UFw8nqcBmLNzD4fADqxv3z9CyYyLOx9EzW4KxZcpVl8KU_R2VBxVvelbnfl3j8_xlBuYcNErMP1HU63lSb57O91bEUjjaFRav1b1_2cxfV1OHQavIRoTWAk0hj7LopSD32uzIBpnMuJM0InKEiWsiD04X6gAtwVYdontF4_4KPQHlZQu5L_0s8H_XxJk3FXqIxxOrYRJEr-_Yh4j4VILzquLzak4BHa4xleI_G0yFIjmiWWjJDwPE5i-4Gp_fJEOMEzpa6WmX8rcFp96E92hAsiXQzZHf9PDYKhWnZNGRgcZYwuJ404NX11wqLUJDOz5EHYcG1G8efsb8ogPakRifKhfVBxkH0p5lY0ewfIh4tQMA-pkvwdtij34j8LPhdscpt9OBdFhAHyfnCXasdApTk587WkyGkSx3rH9-Zvpl9OcuIBAc=&xkcb=SoCX6_M3CkGH_OQsWp0HbzkdCdPP&camk=4HOcmqOLYrCXsmj7Cgencg==&p=14&fvj=0&vjs=3,sj_9b2cea247229572f,Lorien,Hybrid work in Watford,"£75,000 - £80,000 a year"
"Senior frontend engineer 70k-90k, flexible hybrid working - London/Remote",https://uk.indeed.com/rc/clk?jk=ade88dd02dc31282&bb=9Lc4uMnCa1vtCtV6xBduQRUmociG6VXOYcqRR3g0ITLUYUTZKv0WpMwaoodp2mrNI9zkdWLbD7jZ883kvXBUFeRaco5E6oWmA1m20VyrZLh6Qljy4gbq4A%3D%3D&xkcb=SoB467M3CkGHgoQHqp0LbzkdCdPP&fccid=ba634741601e5a96&vjs=3,job_ade88dd02dc31282,SeedLegals,Hybrid work in London,"£70,000 - £90,000 a year"
Senior Full Stack Engineer,https://uk.indeed.com/rc/clk?jk=3732c55eabbf897e&bb=9Lc4uMnCa1vtCtV6xBduQYa7NiS0ZNVLVL_S1GcmOc0eN-wxzNnWLPmVygX4TbFAByq2Doaf1JzXKYC_3ziv10h6kUzX6FyaGYnZzn5WMbsA9-tvzIBaiA%3D%3D&xkcb=SoDM67M3CkGHgoQHqp0KbzkdCdPP&fccid=b4019f1591bd7a45&vjs=3,job_3732c55eabbf897e,CDP Global,Hybrid work in London EC3R,"£60,000 - £70,000 a year"
Senior Backend Engineer - UK,https://uk.indeed.com/rc/clk?jk=8b949a76232816db&bb=9Lc4uMnCa1vtCtV6xBduQVToDjjho1EVa7iPIdpew5242qe2Oi10TZo4-5YuWxnL8kn2r8_3z0kxXHULRoX8kljF3EZHk8EOP_jiGhG8NkXm21tM-9mG1Q%3D%3D&xkcb=SoBR67M3CkGHgoQHqp0JbzkdCdPP&fccid=915837b22fb3a5f0&vjs=3,job_8b949a76232816db,AlphaSights,London,None
Senior Software Engineer,https://uk.indeed.com/rc/clk?jk=5cb67d2ed41a1b7a&bb=9Lc4uMnCa1vtCtV6xBduQV-uI8emF-dKRRgQnHy_WHrezbvB-J9Agfl1hVvfflF9tZch05aG6Xpy-cBpVgc5nk5inRN5-8BrXD_JlfJoY5g%3D&xkcb=SoDl67M3CkGHgoQHqp0IbzkdCdPP&fccid=65c89b6d6455eedf&vjs=3,job_5cb67d2ed41a1b7a,T. Rowe Price,London,None
Test Manager- Thought Machine,https://uk.indeed.com/rc/clk?jk=8a606f3b66bc34a6&bb=9Lc4uMnCa1vtCtV6xBduQfIRlzQWvVpciB8GkDBhT1PeeSbi0UGRiUJQHYW9Yl16AGK83MnqpqhSn_X7ieXxkdIMOXNEqUWdUq5JKOwQubJObEUoF_PjZA%3D%3D&xkcb=SoBr67M3CkGHgoQHqp0PbzkdCdPP&fccid=1474eff2fe926b1d&cmp=Quinnox-Consultancy-Services-Limited&ti=Test+Manager&vjs=3,job_8a606f3b66bc34a6,Quinnox Consultancy Services Ltd,London,None
Senior Software Engineer,https://uk.indeed.com/rc/clk?jk=e403ebe6b6599e70&bb=9Lc4uMnCa1vtCtV6xBduQZrj5wmma-S2cwr7Pmi3vxJ0No7bwPcDcsaS4MvkY7aWdTc_-eriJGb6DKEUM8xvOFhg3hSXlvB8cMQdQquBeOMjiDdlRejAOQ%3D%3D&xkcb=SoDf67M3CkGHgoQHqp0ObzkdCdPP&fccid=4431f5e5ae6efa0f&vjs=3,job_e403ebe6b6599e70,Liberis,Remote in London,None
IT Support Specialist,https://uk.indeed.com/rc/clk?jk=56fd0c856b790cdd&bb=9Lc4uMnCa1vtCtV6xBduQSm2zNfDDhND7eKY1o_cQ4ZOuUZkaNDt5AkkGhCDmJkUMn3-_WgqDXeKjQBfkD3CHFVL0unAnTKi0BbsfNvH2b7giLrtLWQ51A%3D%3D&xkcb=SoBC67M3CkGHgoQHqp0NbzkdCdPP&fccid=7d6bcbe1b5b957fa&vjs=3,job_56fd0c856b790cdd,YouLend,London,"£45,000 - £55,000 a year"
Senior Golang Engineer,https://uk.indeed.com/rc/clk?jk=bb9270c3432962b3&bb=9Lc4uMnCa1vtCtV6xBduQXRLNDjFOYdmwBVJO-FpfvLTTt9vwBQgYdKKtK8w4dur8ZVmuBIECdtVPzIC61bwmwu-aue96UpqE_WSSzhw-IqY3LiQAoo4aQ%3D%3D&xkcb=SoD267M3CkGHgoQHqp0MbzkdCdPP&fccid=faeddf126fb9f6e2&vjs=3,job_bb9270c3432962b3,Orbis,London,"£100,000 a year"
Lead Software Developer,https://uk.indeed.com/rc/clk?jk=4611a2938c7714b6&bb=9Lc4uMnCa1vtCtV6xBduQXrTgY8H0grXrmnfBvkxtPSw8bwGB-QrkaT_3ewK1x3Bnw8OSbvUdbMI7gHGPv6fPa0JV9T9hjtPWWJ0JsvPO0kfVji6jYBWRA%3D%3D&xkcb=SoAf67M3CkGHgoQHqp0DbzkdCdPP&fccid=39e132415328c36a&vjs=3,job_4611a2938c7714b6,Kingfisher,London W2,None
Senior Backend Developer - Core Banking,https://uk.indeed.com/rc/clk?jk=1f8949a2c3db69d0&bb=9Lc4uMnCa1vtCtV6xBduQf3UL7q2VJzFAVpu8c6u3hbV_sKIP1MndRaPv9JVySjX_9PbKvsbkBL8TuhzMpWpRI8L5Xm522SNuDwCY7STQTdoIq6Vo7jZRg%3D%3D&xkcb=SoCr67M3CkGHgoQHqp0CbzkdCdPP&fccid=83807df9da4f7fcf&vjs=3,job_1f8949a2c3db69d0,Viber,London,None
Senior Software Engineer,https://uk.indeed.com/rc/clk?jk=f24f467b9894adf5&bb=9Lc4uMnCa1vtCtV6xBduQboqzTgziKfGjGA1by5PBI2fAaQGdzXIQuJi4TGOYsRF4AtzM2D4GdUZFIwXopJZI-eP5VS38EGtkyPk68c6u24s4D32xheP5Q%3D%3D&xkcb=SoA267M3CkGHgoQHqp0BbzkdCdPP&fccid=0a5ba8306d2f368a&vjs=3,job_f24f467b9894adf5,PensionBee,Hybrid work in Southwark SE1,"£67,000 a year"
Senior Front-End Web Developer,https://uk.indeed.com/rc/clk?jk=532ab562b24ffe4b&bb=9Lc4uMnCa1vtCtV6xBduQXrTgY8H0grXTCCv2wBo03Za5CzxCgbamThnQp6Y5r_8iT5IhFUk78e1BiXA_9WdUH0pGZRsOhf4OVfNRZjTm2IYRyrtCyEbew%3D%3D&xkcb=SoCC67M3CkGHgoQHqp0AbzkdCdPP&fccid=7e883e8ff0d69499&vjs=3,job_532ab562b24ffe4b,WTW,Reigate,None
Senior Software Engineers,https://uk.indeed.com/rc/clk?jk=cdb922d4aab8b17a&bb=9Lc4uMnCa1vtCtV6xBduQXw5GVzc2lbb1LLI8HqZ5XcFzxcfGA2K7AmVTrcYWxJ89VmvmktikDy5U62olyqDcvzdTE5EK7Ke5zzwZgNfFSzaPExBtfOdww%3D%3D&xkcb=SoAM67M3CkGHgoQHqp0HbzkdCdPP&fccid=364a29b4600c505a&vjs=3,job_cdb922d4aab8b17a,INSTANDA,Hybrid work in London,None
Senior Contract Software Engineer,https://uk.indeed.com/rc/clk?jk=e0164928f3dec3ba&bb=9Lc4uMnCa1vtCtV6xBduQRD-A1I6TPnqtZRVIZFrxs47vb3Q_oG8RVFXvS0rxyLJzyvGmSPMhQEQv0FbOFMRC-0Xb90MLSYNuTsMR1F7Jegs6c5t8RsEgA%3D%3D&xkcb=SoC467M3CkGHgoQHqp0GbzkdCdPP&fccid=fda62fdf75eb1396&vjs=3,job_e0164928f3dec3ba,Novax Recruitment Ltd,London,£300 - £350 a day
Senior Golang Engineer,https://uk.indeed.com/rc/clk?jk=d6b8fb3fbde0e513&bb=9Lc4uMnCa1vtCtV6xBduQeM3kPGZ5HlO-lu_c72A1c_aLnd-Tul_8AgNqJkXPjA3I8ItSOLMXK5fq-Ai425TS68HBZdvMV8OWSf8cEuCrpDsvZOxXoRGzw%3D%3D&xkcb=SoAl67M3CkGHgoQHqp0FbzkdCdPP&fccid=3158c989357d5dea&vjs=3,job_d6b8fb3fbde0e513,Orbis Internal Positions,London,"£100,000 a year"
Principal DevOps Engineer,https://uk.indeed.com/rc/clk?jk=b1bad78b2d34bf96&bb=DjU4OcKSAD9kQxq4_Q6OAqLBhAVR3LCdGmuG5Jnr_IUqhR3d8rBSbUwXYNuVI_jDYnqAs_dw51L1eDDjamaLvbRtz2B9kGUqjJ3U6UUNK_55W4WTT7djpg%3D%3D&xkcb=SoDL67M3CkGHVexuVx0LbzkdCdPP&fccid=c2a63affe8751868&vjs=3,job_b1bad78b2d34bf96,CAPCO,London,None
Junior Embedded Software Engineer,https://uk.indeed.com/rc/clk?jk=d0d9a6136a219e1c&bb=DjU4OcKSAD9kQxq4_Q6OAlbv3h3QWfCx1n0UoGp1U7y9aTvvvIoobueIe_p_8-wd_7NoXioPXVkkfGVXrMUgpikRSs9fsrmXm9YGOCIJvLfamc8N9dRBPg%3D%3D&xkcb=SoB_67M3CkGHVexuVx0KbzkdCdPP&fccid=14b160086a2b4c70&vjs=3,job_d0d9a6136a219e1c,Hexwired Recruitment,Epsom,"£40,000 a year"
Principal Software Engineer,https://uk.indeed.com/rc/clk?jk=9aee3e5396dd3aa8&bb=DjU4OcKSAD9kQxq4_Q6OAqkF7b53pYnBWDO9LAhA1pp8F6H4KTO2s-FOat3BuB25F8owOY8cOv42FUz5rrNwA7TLUoz2pXeCqEK6D1_k2aUi_hVCBmEPCg%3D%3D&xkcb=SoDi67M3CkGHVexuVx0JbzkdCdPP&fccid=946fa3ef2e6daa21&vjs=3,job_9aee3e5396dd3aa8,Reqiva ltd,London,"£90,000 - £115,000 a year"
.NET Developer,https://uk.indeed.com/rc/clk?jk=3498799d2da06bfe&bb=DjU4OcKSAD9kQxq4_Q6OAgBD9mXbRmYctS1EAPLEbI7tXdjEwS-3XDt1pSe5gaBOKFpJ7TC5ZrG2R8r3QQK_uUW-A_15n-ktnLg29QwyfAOxgYlzjg6gXQ%3D%3D&xkcb=SoBW67M3CkGHVexuVx0IbzkdCdPP&fccid=eef0ccdb6f0c00eb&vjs=3,job_3498799d2da06bfe,La Fosse Associates,London,£550 - £600 a day
Principal DevOps Engineer,https://uk.indeed.com/rc/clk?jk=b190bc8503e5ece0&bb=DjU4OcKSAD9kQxq4_Q6OAjcL6O6mLzrSHVlUB2YMHgY9PlTxoP72pYhK7oMXBqd_yhYGmRebXSZUQA_L9EWlUyCLKOPzb-6EmeBUBhJghDSFIAYtFFgpRA%3D%3D&xkcb=SoDY67M3CkGHVexuVx0PbzkdCdPP&fccid=c2a63affe8751868&vjs=3,job_b190bc8503e5ece0,Capco,London,None
Core Java Developer,https://uk.indeed.com/rc/clk?jk=50a93ce072a40a5b&bb=DjU4OcKSAD9kQxq4_Q6OAqpzdd6X1CvYx2Nk_s7vARp2xYjYZKkbyd3xbyLQW_12SLg4JR3aERQpzpW9cj_4SN3rUzBNhjK1uy-EBGb79w26fiApxav2GQ%3D%3D&xkcb=SoBs67M3CkGHVexuVx0ObzkdCdPP&fccid=9353252f275fbb30&vjs=3,job_50a93ce072a40a5b,Understanding Recruitment,London,"£80,000 - £90,000 a year"
Python/Django Engineer,https://uk.indeed.com/rc/clk?jk=e3d169ae3b851180&bb=DjU4OcKSAD9kQxq4_Q6OAuyfcV3WxQAi5KS0Oz_JHKBDNlmDyZKMQz6J-r_-rtDFqPR9wE8bLs6eo6mHvTYrFEWbj68iRZwJCJkLUpUr9DSKq5Tp_dn04Q%3D%3D&xkcb=SoDx67M3CkGHVexuVx0NbzkdCdPP&fccid=792ccf7244c27111&vjs=3,job_e3d169ae3b851180,CTRL Recruitment Group,London,None
Lead DevOps Engineer,https://uk.indeed.com/rc/clk?jk=04e9835260da30a5&bb=DjU4OcKSAD9kQxq4_Q6OAoQBQFpxGEp0bZSwIvQ8yKBT5x6_1nI-h6xqK-xjVq-8PbkMkGgVAryqMcllTIvzdNsnqNjz8EZAQKB4eH_5Y3o%3D&xkcb=SoBF67M3CkGHVexuVx0MbzkdCdPP&fccid=1c76c3a36f6c7557&vjs=3,job_04e9835260da30a5,UBS,London,None
Backend Engineer - Wise Platform,https://uk.indeed.com/rc/clk?jk=92d4e65907ccf00c&bb=DjU4OcKSAD9kQxq4_Q6OAjPl09TfAHysFCtL7z4V5O653lrEsG3dnIk33ZZYHIldZEo-WUnKKeOLzGYNPmOd5C5ecfEZKjoOHYuVilsHv0U8etWp993DfQ%3D%3D&xkcb=SoCs67M3CkGHVexuVx0DbzkdCdPP&fccid=0b3564a667f52b8b&vjs=3,job_92d4e65907ccf00c,Wise,London E1,None
Senior Software Engineer,https://uk.indeed.com/rc/clk?jk=6ce0e8727e6bfcd7&bb=DjU4OcKSAD9kQxq4_Q6OAm7OnK-3C6JoaHwjWGB9DJpUp3CzHplCzhL0D5FxQue82SkwVOn_AZME8RM_UWgDmFhUR-UjnEJkZEkIdjDCZ_rlocI2nNHXPQ%3D%3D&xkcb=SoAY67M3CkGHVexuVx0CbzkdCdPP&fccid=befcc4ac7e58679d&vjs=3,job_6ce0e8727e6bfcd7,So Energy,Hybrid work in London W4,None
Senior Software Engineer - Activation,https://uk.indeed.com/rc/clk?jk=7012d606a8d223ba&bb=DjU4OcKSAD9kQxq4_Q6OAjE3xmK_70LmQHFNQoGFo5wjObXezPi3mAnGeVlxvYiI1mrdlxsBSw7T_onpMcmGivBzTpqQFZInDjHh4YjJxfGrxxZOwZN0LQ%3D%3D&xkcb=SoCF67M3CkGHVexuVx0BbzkdCdPP&fccid=a14326eb59ec50db&vjs=3,job_7012d606a8d223ba,Checkout.com,London,None
Senior AWS DevOps Engineer,https://uk.indeed.com/rc/clk?jk=90efaa1ab4ce0356&bb=DjU4OcKSAD9kQxq4_Q6OApO4Rd6NTTWY9EmvQ3pz5uxO9oLJ3cLXNMqKmlReCnJiDkwPXz66qDAWETg9mvtlvA50aSznDf1MBpleD1OrjJU%3D&xkcb=SoAx67M3CkGHVexuVx0AbzkdCdPP&fccid=e02be59e87cd229c&vjs=3,job_90efaa1ab4ce0356,SS&C,Basildon,None
Senior Software Engineer; C++; London,https://uk.indeed.com/rc/clk?jk=0b7dd8c130dceacf&bb=DjU4OcKSAD9kQxq4_Q6OAm_IooIL_z7nehOCzJQnEGi9TumlgTDgP6qpbT4Wml3kinJti-HC1AyfvlD1JS3NlDwkeqvzDdACMvL80Py6H09QrG22CVvpaw%3D%3D&xkcb=SoC_67M3CkGHVexuVx0HbzkdCdPP&fccid=cb317d69fd2ef57e&vjs=3,job_0b7dd8c130dceacf,re&m,London,"£55,000 - £71,000 a year"
Senior Software Engineer - Governance,https://uk.indeed.com/rc/clk?jk=5b806c76fc3e6f25&bb=DjU4OcKSAD9kQxq4_Q6OAq2ABFJzL4i0ZUdkz4LiYVp1A2ISBlTNrE1j87fZOebufyOvwtemnKSWqa4RdYDJR8m-5C7_3Qiw7oyKOaCLuO4%3D&xkcb=SoAL67M3CkGHVexuVx0GbzkdCdPP&fccid=4e42ec53f4b93e02&vjs=3,job_5b806c76fc3e6f25,GSK,London N1C,None
Senior React Native Engineer,https://uk.indeed.com/rc/clk?jk=05b3a048bd242cb3&bb=DjU4OcKSAD9kQxq4_Q6OAufWMQa_UFhxIhrOFxtNnIg2sq3uopeYeOzVnW6eFtxfjSUKAnabKOH69CUEP21ifjA0XH67uL5ixIhexJZkhDDGukt6VDrY1A%3D%3D&xkcb=SoCW67M3CkGHVexuVx0FbzkdCdPP&fccid=794d6597982f5e2b&vjs=3,job_05b3a048bd242cb3,Trainline,London EC1N,None
Senior Software Engineer - Governance,https://uk.indeed.com/rc/clk?jk=5b806c76fc3e6f25&bb=XODEZ168h6afj9kgSncJlXMAFelDqFYwi5GOIaFlfS6Wh42dN7Eg3z7yR41X8hND0BbAY_87HpgZn5_xoM5LTHTPsgE-UOV1GF5noNqlN_w%3D&xkcb=SoA267M3CkGHGhwsWp0LbzkdCdPP&fccid=4e42ec53f4b93e02&vjs=3,job_5b806c76fc3e6f25,GSK,London N1C,None
Lead Software Engineer,https://uk.indeed.com/rc/clk?jk=f6d865bd000b9449&bb=XODEZ168h6afj9kgSncJlQDHyAzhwXb8L25nJZeNVrIo_rDUlQbEMUTgrVAL_wE-jJ5p89LSOaWfQNX4SS6BAPtUTPv3qpxRxbNMyD94dIWgV68qRtus0A%3D%3D&xkcb=SoCC67M3CkGHGhwsWp0KbzkdCdPP&fccid=c7414b794cb89c1c&vjs=3,job_f6d865bd000b9449,Linux Recruit,Hybrid work in London,"£95,000 - £110,000 a year"
Senior Backend Engineer,https://uk.indeed.com/rc/clk?jk=03e3ce9e9c1649e4&bb=XODEZ168h6afj9kgSncJlVkU03fd1E2N3OpsiKAfTTUfZNO3HhwKpNs-gsgxRR5GbkDLXAfvO3dvEJ2ZiBMMiSm8gyRmM47Cm-KK-eVa5_focs8tC8x0cg%3D%3D&xkcb=SoAf67M3CkGHGhwsWp0JbzkdCdPP&fccid=ce7976e49e4e4e4e&vjs=3,job_03e3ce9e9c1649e4,Motorway,Hybrid work in London,None
Senior Software Engineer (Node.js),https://uk.indeed.com/rc/clk?jk=5d1b45bb61c8094d&bb=XODEZ168h6afj9kgSncJldDyIVItm7lqJjbkn6R_yrKr5UW3KFMe--6XWmTZXJd23O8bd4us9mtzxk8gRiDkugO0l6zzvEVCgfB-MAcM43ttD_MVEjhfKA%3D%3D&xkcb=SoCr67M3CkGHGhwsWp0IbzkdCdPP&fccid=7f9f2b3c5ddde775&vjs=3,job_5d1b45bb61c8094d,Orange Quarter,Hybrid work in London,None
Senior DevOps Engineer,https://uk.indeed.com/rc/clk?jk=1b36492fb42d11dc&bb=XODEZ168h6afj9kgSncJlX6y6r-MGS4duRzbEHYR32C_f5U-u6NTzvfWGF7DeAJK46X_-fNDTKqpRqxbdpIWVrGfBgZ-nNTtSt35X7LX80W0dddjH3igWg%3D%3D&xkcb=SoAl67M3CkGHGhwsWp0PbzkdCdPP&fccid=34f8c7d77241eaa8&vjs=3,job_1b36492fb42d11dc,Uniphore,London,None
Senior Full stack Java Developer,https://uk.indeed.com/rc/clk?jk=2a86aba359087fc8&bb=XODEZ168h6afj9kgSncJlXMAFelDqFYwDC6Tw7v_RJWap0ZD3-XF_8CR63fU7FydT8oPXqzeKljZLEhoI2eKpe7e08W0A1rbnftFY2roCIgYRO37VfudLA%3D%3D&xkcb=SoCR67M3CkGHGhwsWp0ObzkdCdPP&fccid=c44218d8c2035787&vjs=3,job_2a86aba359087fc8,Solirius,London,"£55,000 - £80,000 a year"
Lead PHP Developer,https://uk.indeed.com/rc/clk?jk=87c524c1cd203f5f&bb=XODEZ168h6afj9kgSncJlev1dXIATMjogWecq4zwpuRNVYIXHktZLiMmsYWitm1dco6ZJBA-J2BwvLd3RSF44VfIiHnTYD1ZX-TYBcjWKNoemGSUVyMxLg%3D%3D&xkcb=SoAM67M3CkGHGhwsWp0NbzkdCdPP&fccid=d4cb9fd8619385dc&cmp=Enra-Group&ti=PHP+Developer&vjs=3,job_87c524c1cd203f5f,Enra Specialist Finance Ltd,Watford,None
Senior Fullstack Developer [UK],https://uk.indeed.com/rc/clk?jk=a7a006a969f19707&bb=XODEZ168h6afj9kgSncJldZguyXXY5m7aF3DFqpihIcgtisWyVdjKYEU6KBdrMJCcrPZ0XQ7v-bOMJscrGf8wWpHT9QNcsQH1lBqF5hH-lH6z4ZH1PvbvQ%3D%3D&xkcb=SoC467M3CkGHGhwsWp0MbzkdCdPP&fccid=f92ab0907a4b7811&vjs=3,job_a7a006a969f19707,Spyrosoft,Hybrid work in London,None
Senior Software Engineer,https://uk.indeed.com/rc/clk?jk=1a40ae973afdbd7a&bb=XODEZ168h6afj9kgSncJld45f-kj6SXb9ziF1jhi64FE10FPfni2WJQRakE_6jV0UbD9cgJ-qMm7kJHvnfJIiG88VVaj6OJybzud71zD8Omt-97VGT6PvA%3D%3D&xkcb=SoBR67M3CkGHGhwsWp0DbzkdCdPP&fccid=b6fb28ca75f7fb74&vjs=3,job_1a40ae973afdbd7a,Kitt,London,None
Senior Full Stack Developer,https://uk.indeed.com/rc/clk?jk=b44936764586fc74&bb=XODEZ168h6afj9kgSncJlaAD2JGZDSxctbiY00OLcafpuHX8kSz51ZLECqop1-nawLHpzTw-wFiGrOMRADGKzVoxy5d1SUZaDZSJ9aruBAcMgCPl9ECEEw%3D%3D&xkcb=SoDl67M3CkGHGhwsWp0CbzkdCdPP&fccid=523b2cedb8925391&vjs=3,job_b44936764586fc74,Blue Light Card,Hybrid work in London WC1A,None
Senior Backend Engineer,https://uk.indeed.com/rc/clk?jk=708e84b19339e54e&bb=XODEZ168h6afj9kgSncJlXMAFelDqFYwqIOABCA1WWwmh61W8moM_jnFMxU6uczD68NYLDPGbQHCpTMcs1MBBW-wduGB0NKbSfg05jI9rjTO3r9aVDXppQ%3D%3D&xkcb=SoB467M3CkGHGhwsWp0BbzkdCdPP&fccid=4aac08abfcb0a878&vjs=3,job_708e84b19339e54e,TMWUnlimited...,Hybrid work in London,"£60,000 - £70,000 a year"
Senior Java Engineer,https://uk.indeed.com/rc/clk?jk=010faa9b37550713&bb=XODEZ168h6afj9kgSncJlbvws7GqLg3LMmjflV72BOyFHnXDL-Q5Ysur-7FYwIX5I_Y9iIpBHoZsV8VXan4QwGB2F4oLTSuoORr1aYuUNvIHfRM_s_7YSg%3D%3D&xkcb=SoDM67M3CkGHGhwsWp0AbzkdCdPP&fccid=0a5ba8306d2f368a&vjs=3,job_010faa9b37550713,PensionBee,Hybrid work in London SE1,"£67,000 a year"
Senior iOS Engineer,https://uk.indeed.com/rc/clk?jk=e5616a25f3e7c30c&bb=XODEZ168h6afj9kgSncJlaOvpvYM_RgwQUefLkLt7H8zB44I9E18cZOGCnZX32A5XlSZ83nbqgrCiPbVK3QcKjR9OOrB-G-CyDRlxH05eGLDbcFvMGw60w%3D%3D&xkcb=SoBC67M3CkGHGhwsWp0HbzkdCdPP&fccid=fdb210f6a49b1c13&vjs=3,job_e5616a25f3e7c30c,Warner Bros. Discovery,London W4,None
Senior iOS Engineer,https://uk.indeed.com/rc/clk?jk=9f25139f47c99411&bb=XODEZ168h6afj9kgSncJlcmWamuYq1yXMs9arBD56vUD7rXNeFgTXMPK5qT1D2XpH1rNQwyr80TSJdiS-ETYzf4DByf5HWo5pxC7CBKi3XX16qhSSf8pJw%3D%3D&xkcb=SoD267M3CkGHGhwsWp0GbzkdCdPP&fccid=fdb210f6a49b1c13&vjs=3,job_9f25139f47c99411,Warner Bros. Discovery,London W4,None
Senior SDET,https://uk.indeed.com/rc/clk?jk=d223cfa794564c0c&bb=XODEZ168h6afj9kgSncJleLR5jATfc3myWsoZNUsRJ-lTGKsqusqhTKOu64xSXa7L0uBxA06eklmDQYzXOxv0alcfTb3wc1QEshysfcdFl8GfVkJEZHM6g%3D%3D&xkcb=SoBr67M3CkGHGhwsWp0FbzkdCdPP&fccid=9353252f275fbb30&vjs=3,job_d223cfa794564c0c,Understanding Recruitment,London,"£95,000 - £105,000 a year"
